{"0": [0.1926553303773454, 0.29476147349658754], "1": [0.5278003533307631, 0.7128461120507267], "2": [0.2030984575574324, 0.833340793520379], "3": [0.3639956535188681, 0.6233839866942678], "4": [0.0542659122932706, 0.7888471588299654]}