{
  "0": [0.7767818874129594, 0.29987671741862554],
  "1": [0.5422842666170778, 0.733757264375612],
  "2": [0.5497175444383136, 0.47241291327230217],
  "3": [0.6751153137526272, 0.6791911878022593]
}
