{"0": [0.4554082708427657, 0.7964556959794834], "1": [0.2204479656087398, 0.28504183066870525], "2": [0.39910717668747475, 0.5479233288811208]}