{
  "0": [0.35813693760657177, 0.8680289236996553],
  "1": [0.5976315073704174, 0.3259715587730747],
  "2": [0.3715127864460458, 0.24437363536318968],
  "3": [0.24617913293776517, 0.687158805027106],
  "4": [0.34275648055186947, 0.3770421642565517],
  "5": [0.447121340611355, 0.41849112510290076],
  "6": [0.07847325011471618, 0.8850383214101315]
}
