{"0": [0.7052321522771599, 0.33438602092050007], "1": [0.6505849504227875, 0.47364641182510847], "2": [0.2720020442490594, 0.4685719531993], "3": [0.3649829458111298, 0.7663358468375012], "4": [0.47461751055625556, 0.4548421149223182], "5": [0.40990489972679134, 0.8781683408020451], "6": [0.835667641092449, 0.4846171632682883], "7": [0.6860647461689302, 0.6636669991593812], "8": [0.5601772317290987, 0.6607397184172987]}