{
  "0": [0.6269544259687894, 0.6946201524473569],
  "1": [0.8338798057441106, 0.780134837221103],
  "2": [0.37173218314648737, 0.10292920947448803],
  "3": [0.3022667528400118, 0.6836522917413568],
  "4": [0.6530201275333765, 0.06407798588588598],
  "5": [0.25299185740995567, 0.2973155249228624],
  "6": [0.6534012974311004, 0.4708347447087853],
  "7": [0.19035533929263582, 0.2515423704500128]
}
