{"0": [0.29298605127916555, 0.4532002200161874], "1": [0.9985017384092719, 0.651626500815957], "2": [0.9008544099775763, 0.5938340427454188], "3": [0.33306815273654433, 0.11285155712557116], "4": [0.685998335923613, 0.2711794295294978], "5": [0.20890792983966433, 0.12144870568893062]}