{"0": [0.6756680839276595, 0.4459640949739837], "1": [0.19279605896616203, 0.48210280139742523], "2": [0.09116862570884388, 0.45172564194781706], "3": [0.6138458298049956, 0.6682208123641051], "4": [0.20924239430298475, 0.3651305598543415], "5": [0.49951177833466964, 0.4159188840314417], "6": [0.038009783738880976, 0.45452954195227835], "7": [0.3862628576891929, 0.7811091240638963], "8": [0.07870524689119107, 0.7433709818333297], "9": [0.5154385035771558, 0.7741055372419458]}